CVE-2008-4541,SUN,Sun,Java,Web Proxy Server,FTP Resource Handling,Heap-Based Buffer Overflow,
CVE-2006-0617,SUN,Sun,Java Runtime Environment,JRE,reflection API,privilege escalation,
CVE-2006-0613,SUN,Sun,Java Web Start,privilege escalation,untrusted application,
CVE-2007-3655,SUN,Sun,Java,WebStart,stack-based buffer overflow,arbitrary code execution,
CVE-2002-1042,SUN,Sun,iPlanet,search engine,directory traversal,file disclosure,
CVE-2006-1092,SUN,Sun,Solaris,DoS,pagedata,Process File System,
CVE-2006-5396,SUN,Sun,Solaris,10,kernel,DoS,
CVE-2005-3071,SUN,Sun,Solaris,soft hang,DoS,Unix File System,
CVE-2006-3921,SUN,Sun,Java System Application Server,information disclosure,unprivileged users,read files,
CVE-2006-3920,SUN,Sun,Solaris,DoS,denial of service,TCP packets,
CVE-2008-1779,SUN,Sun,Solaris,DoS,denial of service,unspecified error,
CVE-2006-5075,SUN,Sun,Solaris,Kernel,SSL,Proxy Service,
CVE-2006-5073,SUN,Sun,Solaris 8,9,10,DoS,
CVE-2006-5215,SUN,Sun,Solaris,X Display Manager,xdm,Xsession Script,
CVE-2008-1356,SUN,Sun,Solaris,Java Desktop System,JDS,authentication bypass,
CVE-2006-4049,SUN,Sun,Ray Server Software,SRSS,utxconfig utility,privilege escalation,
CVE-2006-4958,SUN,Sun,Secure Global Desktop,SSGD,xss,cross-site scripting,
CVE-2006-5941,SUN,Sun,Solaris,Net-SNMP,resource exhaustion,DoS,
CVE-2001-0746,SUN,Netscape,Sun,iPlanet,DoS,4022 bytes,
CVE-2007-3458,SUN,Sun,Solaris,DoS,denial of service,Name Service Caching Daemon,
CVE-2006-1782,SUN,Sun,Solaris,information disclosure,LDAP,root password,
CVE-2008-2708,SUN,Sun,Solaris,UltraSPARC T2,UltraSPARC T2+,DoS,
CVE-2008-2706,SUN,Sun,Solaris,DoS,denial of service,user-defined events,
CVE-2008-2707,SUN,Sun,Solaris,e1000g Gigabit Ethernet Driver,DoS,denial of service,
CVE-2001-0686,SUN,Sun,Solaris,/usr/bin/mail,mail,HOME,
CVE-2001-0095,SUN,Sun,Solaris,catman,tmp,temporary,
CVE-2007-5482,SUN,Sun,StorageTek,3510 FC Array,DoS,denial of service,
CVE-2008-3549,SUN,Sun,Solaris,pthread_mutex_reltimedlock_np,DoS,denial of service,
CVE-2005-0358,SUN,EMC,legato,networker,Sun,StorEdge Backup,
CVE-2005-0359,SUN,EMC,legato,networker,Sun,StorEdge Backup,
CVE-2001-0165,SUN,Sun,Solaris,ximp40.so.2,ximp40,openwin,
CVE-2010-0087,SUN,Sun,Oracle,Java,JVM,signature,
CVE-2005-3099,SUN,Sun,Solaris,privilege escalation,Xprt command,Xsun command,
CVE-2006-5013,SUN,Sun,Solaris 10,DoS,denial of service,x64,
CVE-2006-5012,SUN,Sun,Solaris 8,9,10,DoS,
CVE-2002-0387,SUN,Sun,ONE Application Server,iPlanet,stack overflow,Connector Module,
CVE-2008-2749,SUN,Sun,Java System,Calendar Server,DoS,denial of service,
CVE-2004-0800,SUN,Sun,Solaris,CDE Mailer,dtmail,dtmail(1X),
CVE-2008-2144,SUN,Sun,Solaris,Print Service,unspecified vulnerabilities,DoS,
CVE-2007-3469,SUN,Sun,Solaris,TCP Fusion,memory consumption,DoS,
CVE-2006-6276,SUN,Sun,Java,System Server,HTTP Request Smuggling,cross-site scripting,
CVE-2006-6275,SUN,Sun,Solaris,DoS,denial of service,exitlwps,
CVE-2005-1518,SUN,Sun,Solaris,DoS,denial of service,automountd,
CVE-2006-6495,SUN,Sun,Solaris,directory traversal,ld.so,LANG,
CVE-2008-1095,SUN,Sun,Solaris,Internet Protocol,DoS,denial of service,
CVE-2007-4289,SUN,Sun,Java System,Portal Server,arbitrary Java method execution,XSLT stylesheets,
CVE-2008-3838,SUN,Sun,Solaris,NFS,RPC Zones,Remote Procedure Calls,
CVE-2007-6569,SUN,Sun,Java System Web Proxy Server,css,cross-site scripting,View URL Database functionality,
CVE-2007-3225,SUN,Sun,Java System Directory Server,arbitrary data modification,unspecified vulnerability,
CVE-2007-3224,SUN,Sun,Java System Directory Server,information disclosure,unspecified vulnerability,
CVE-2007-3223,SUN,Sun,Solaris 10,NFS server,DoS,denial of service,
CVE-2008-1756,SUN,Sun,Grid Engine,local DoS,denial of service,Qmaster daemon,
CVE-2007-4381,SUN,Sun,Java Runtime Environment,arbitrary access,JRE,fonts,
CVE-2002-0797,SUN,Sun,Solaris,Solstice,Enterprise Master Agent,snmpdx,
CVE-2002-0796,SUN,Sun,Solaris,Solstice Enterprise Master Agent,snmpdx,format string,
CVE-2006-4117,SUN,Sun,Solaris,DoS,denial of service,drain_squeue(),
CVE-2007-5367,SUN,Sun,Solaris,Virtual File System,DoS,denial of service,
CVE-2008-1192,SUN,Sun,Java Plug-in,privilege escalation,same origin policy,untrusted applet,
CVE-2008-1195,SUN,Sun,Java Runtime Environment,privilege escalation,Java APIs,JavaScript Code,
CVE-2001-0565,SUN,Sun,Solaris,mailx,-F,
CVE-2008-1995,SUN,Sun,Java,System Directory Server,Enterprise Edition,security bypass,
CVE-2007-5135,SUN,OpenSSL,SSL_get_shared_ciphers,off-by-one buffer overflow,HP-UX,Apache,
CVE-2007-3504,SUN,Sun,Java Web Start,arbitrary file access,.java.policy,
CVE-2007-0882,SUN,Sun,Solaris,Telnet,arbitrary remote access,USER,
CVE-2001-0236,SUN,Sun,Solaris,DMI,SNMP,snmpXdmid,
CVE-2008-0836,SUN,Sun,Solaris,vuidmice STREAMS Modules,DoS,local Denial of Service,
CVE-2005-1124,SUN,Sun,Solaris,privilege escalation,libgss,3LIB,
CVE-2002-0360,SUN,Sun,Solaris,AnswerBook2,HTTP server,buffer overflow,
CVE-2007-5118,SUN,Sun,Solaris,Human Interface Device driver,DoS,denial of service,
CVE-2006-4306,SUN,Sun,Solaris,privilege escalation,arbitrary command execution,default configuration,
CVE-2007-5238,SUN,Sun,Java,Web Start,information disclosure,privilege escalation,
CVE-2007-5239,SUN,Sun,Java,JRE,data manipulation,Web Start,
CVE-2006-5213,SUN,Sun,Solaris,Link Aggregation,information disclosure,privilege escalation,
CVE-2008-2086,SUN,Sun,Java,JDK,JRE,security bypass,
CVE-2002-0430,SUN,Sun,Cobalt XTR,temporary files,/tmp,symbolic link,
CVE-2007-3093,SUN,Sun,Solaris Management Console,SMC,arbitrary code execution,logging,
CVE-2007-3094,SUN,Sun,Solaris Management Console,SMC,arbitrary code execution,authentication,
CVE-2001-1148,SUN,SCO,Sun,SunOS,curses library,libcurses.a,
CVE-2005-3906,SUN,Sun,Java Runtime Environment,JRE,privilege escalation,reflection APIs,
CVE-2002-0845,SUN,Sun,iPlanet,ONE,buffer overflow,transfer chunking,
CVE-2007-4070,SUN,Sun,Solaris,low bandwidth X proxy,privilege escalation,root group ownership,
CVE-2006-0227,SUN,Sun,Solaris,Ipsched,privilege escalation,security bypass,
CVE-2001-0421,SUN,Sun,Solaris,/etc/shadow,core,
CVE-2001-0422,SUN,Sun,Solaris,Xsun,HOME,
CVE-2001-0423,SUN,Sun,Solaris,/usr/bin/i86/ipcs,TZ,
CVE-2007-2989,SUN,Sun,Solaris,DoS,denial of service,in.iked daemon,
CVE-2001-0526,SUN,Sun,Solaris,mailtool,user input,OPENWINHOME,
CVE-2001-0797,SUN,Sun,Solaris,System V,login,buffer overflow,
CVE-2008-0938,SUN,Sun,Solaris 10,DTrace,information disclosure,
CVE-2008-0933,SUN,Sun,Solaris,DoS,denial of service,
CVE-2008-0657,SUN,Sun,JRE,Java Runtime Environment,Java applets,
CVE-2007-5132,SUN,Sun,Solaris,DoS,denial of service,panic,
CVE-2008-5684,SUN,Sun,Solaris,X Inter Client,Exchange Library,libICE,
CVE-2007-2045,SUN,Sun,Solaris,DoS,denial of service,IP packets,
CVE-2007-5153,SUN,Sun,Java System,Access Manager,remote code execution,
CVE-2007-5152,SUN,Sun,Java System,Access Manager,authentication bypass,authenticate user,
CVE-2001-0190,SUN,Solaris,Sun,cu,argv[0],uucp,
CVE-2008-2518,SUN,Sun,Java System Web Server,xss,cross-site scripting,unspecified input,
CVE-2002-1265,SUN,Sun,RPC,libc,time-out,TCP connections,
CVE-2008-2946,SUN,Sun,Solaris,DoS,denial of service,unspecified error,
CVE-2005-2032,SUN,Sun,Solaris,file overwrite,lpadmin,
CVE-2004-1236,SUN,Netscape,HP,Sun,Directory Server,LDAP,
CVE-2008-2539,SUN,Sun,Cluster Global File System,privilege escalation,data integrity issues,
CVE-2008-2538,SUN,Sun,Solaris,crontab utility,arbitrary code execution,
CVE-2000-0889,SUN,Sun,X.509,certificate,revoke,revocation,
CVE-2007-5716,SUN,Sun,Solaris,DoS,denial of service,IP error,
CVE-2007-0165,SUN,Sun,Solaris,libnsl,DoS,denial of service,
CVE-2006-4307,SUN,Sun,Solaris,privilege escalation,format command,
CVE-2006-0647,SUN,Sun,Java System Directory Server,DoS,denial of service,LDAP server port,
CVE-2008-1285,SUN,Sun,Java Server Faces,xss,cross-site scripting,input handling routines,
CVE-2008-1286,SUN,Sun,Solaris,Java Web Console,information disclosure,directory information,
CVE-2002-1228,SUN,Sun,Solaris 9,lockd,nfsd,DoS,
CVE-2002-0573,SUN,Sun,Solaris,rpc,rwalld,remote root,
CVE-2002-0686,SUN,Sun,iPlanet Web Server 6,buffer overflow,
CVE-2008-2945,SUN,Sun,Java System Access Manager,XSLT Stylesheets,XML Signatures,arbitrary code execution,
CVE-2005-2071,SUN,Sun,Solaris 10,buffer overflow,/usr/sbin/traceroute,-g argument,
CVE-2008-1369,SUN,Sun,SPARC Enterprise,T5120 Server,T5220 Server,create insecure configurations,
CVE-2003-0722,SUN,Sun,Solaris,Solstice AdminSuite,sadmind,RPC,
CVE-2008-0718,SUN,Sun,Solaris,USB Mouse,DoS,denial of service,
CVE-2007-2789,SUN,Sun,JDK,DoS,denial of service,BMP images,
CVE-2007-2788,SUN,Java,Runtime Environment,Image Parsing Code,privilege escalation,JRE,
CVE-2006-4773,SUN,Sun,StorEdge,6130,DoS,denial of service,
CVE-2002-0391,SUN,Sun,Solaris,heap overflow,xdr_array,deserialize,
CVE-2007-5274,SUN,Sun,Java,Web Start,information disclosure,privilege escalation,
CVE-2003-0092,SUN,Sun,Solaris,dtsession,heap overflow,HOME environment variable,
CVE-2007-5273,SUN,Sun,Java,JRE,privilege escalation,Javascript code,
CVE-2001-0779,SUN,Sun Solaris,buffer overflow,yppasswd,rpc.yppasswdd,100009,
CVE-2007-6413,SUN,Sun,Solaris,NFS,authentication bypass,arbitrary access,
CVE-2007-4310,SUN,Sun,Solaris,finger,information disclosure,finger 9@host.com,
CVE-2007-0012,SUN,Sun,JRE,DoS,denial of service,jpiexp32.dll,
CVE-2007-2882,SUN,Sun,Solaris,NFS Client Module,DoS,denial of service,
CVE-2007-2881,SUN,Sun,Java System,Web Proxy Server,buffer overflow,stack-based,
CVE-2007-1681,SUN,Sun,Java Web Console,format string error,arbitrary code execution,syslog(),
CVE-2005-0357,SUN,EMC,Legato,NetWorker,Sun,StorEdge Backup,
CVE-2006-6009,SUN,Sun,Java,JRE,security bypass,Java Runtime Environment,
CVE-2008-1205,SUN,Sun,Solaris,DoS,denial of service,ipsecah(7P) kernel module,
CVE-2007-2435,SUN,Sun,Java Web Start,security bypass,System Classes,Java 2 Platform,
CVE-2007-5462,SUN,Sun,Solaris,RPC Services,DoS,denial of service,
CVE-2003-1024,SUN,Sun,Solaris,tcsh(1),ls-F command,
CVE-2007-3470,SUN,Sun,Solaris,KSSL,DoS,denial of service,
CVE-2007-3471,SUN,Sun,Solaris,dtsession,buffer overflow,privilege escalation,
CVE-2007-4126,SUN,Sun,Solaris,DoS,denial of service,DTrace,
CVE-2007-5232,SUN,Sun,Java,JRE,Applet Caching,privilege escalation,
CVE-2007-6180,SUN,Sun,Solaris Remote Procedure Call Module,DoS,denial of service,race condition,
CVE-2005-3907,SUN,Sun,Java Runtime Environment,JRE,privilege escalation,untrusted applet,
CVE-2005-3904,SUN,Sun,Java Management Extensions,JMX,privilege escalation,untrusted applet,
CVE-2008-4160,SUN,Sun,Solaris,ACL,UFS File Systems,local denial of service,
CVE-1999-0696,SUN,rpc.cmsd,cmsd,CDE,Calendar Manager,Sun,
CVE-2007-4164,SUN,Sun,Java System,Web Server,information disclosure,redirect feature,
CVE-2006-5653,SUN,Sun,java System,Messenger Express,error,errorHTML,
CVE-2006-5654,SUN,Sun,Network Security Services,NSS,DoS,denial of service,
CVE-2007-6572,SUN,Sun,Java System Web Server,css,cross-site scripting,unspecified vectors,
CVE-2007-6570,SUN,Sun,Java System Web Proxy Server,css,cross-site scripting,View URL Database functionality,
CVE-2007-6571,SUN,Sun,Java System Web Proxy Server,css,cross-site scripting,unspecified vectors,
CVE-2007-5368,SUN,Sun,Solaris,Trusted Extensions,DoS,denial of service,
CVE-2006-4842,SUN,Sun,Solaris 10,NSPR,Netscape Portable Runtime,privilege escalation,
CVE-2008-1187,SUN,Sun,Java Runtime Environment,XSLT Transformations,DoS,denial of service,
CVE-2000-0471,SUN,ufsrestore,interactive,buffer overflow,ufsdump,Sun,
CVE-2007-4395,SUN,Sun,Solaris,RBAC,privilege escalation,
CVE-2007-0895,SUN,Sun,Solaris,race condition,privilege escalation,recursively deleting,
CVE-2003-0028,SUN,Sun,Solaris,integer overflow,XDR library,xdrmem_getbytes(),
CVE-2004-1029,SUN,Sun,Java Plug-in,JavaScript,private classes,applet,
CVE-2008-2120,SUN,Sun,Java System,Web Server,information disclosure,unspecified error,
CVE-2006-4319,SUN,Sun,Solaris,buffer overflow,format command,format(1M),
CVE-2002-0994,SUN,Sun,SunPCi II,VNC,weak authentication mechanism,authenticate client,
CVE-2005-2487,SUN,Sun,McDATA,DoS,broadcast storm,
CVE-2003-0609,SUN,Sun,Solaris,ld.so.1,dynamic runtime linker,buffer overflow,
CVE-2008-0628,SUN,Sun,Java Runtime Environment,JRE,security bypass,denial of service,
CVE-2008-3450,SUN,Sun,Solaris,namefs Kernel module,DoS,denial of service,
CVE-2001-0594,SUN,Sun,Solaris,KCMS,Kodak Color Management System,kcms_configure,
CVE-2001-0595,SUN,Sun,Solaris,kcsSUNWIOsolf.so,KCMS_PROFILES,
CVE-2002-1296,SUN,Sun,Solaris,priocntl(),full path location,kernel,
CVE-2001-0470,SUN,Sun,Solaris,SNMP,/opt/SUNWssp/bin/snmpd,SSP,
CVE-2007-4025,SUN,Sun,Java System,Application Server,information disclosure,source code,
CVE-2006-2930,SUN,Sun,Grid Engine,DoS,CSP,Certificate Security Protocol mode,
CVE-2008-1196,SUN,Sun,Java,WebStart,web start,JNLP,
CVE-2008-3431,SUN,Sun,xVM,VirtualBox,input validation,privilege escalation,
CVE-2008-1778,SUN,Sun,Solaris,DoS,denial of service,unspecified error,
CVE-2006-5486,SUN,Sun,Java System,Messaging Server,Webmail,xss,
CVE-2008-2166,SUN,Sun,Java System Web Server,Search Module,xss,cross-site scripting,
CVE-2005-1150,SUN,Sun,Java,System Web Server,DoS,denial of service,
CVE-2003-0091,SUN,Sun,Solaris,lpq,lpstat,printing queue,
CVE-2001-0551,SUN,Sun,Solaris,CDE,dtprintinfo,libDtHelp,
CVE-2006-0408,SUN,Sun,Grid Engine,SGE,privilege escalation,utilbin/[arch]/rsh client,
CVE-2006-5726,SUN,Sun,Solaris 10,UFS,DoS,denial of service,
CVE-2008-2121,SUN,Sun,Solaris,DoS,denial of service,TCP implementation,
CVE-2006-3968,SUN,Sun,Fire,T2000,security bypass,DSA signature,
CVE-2008-1780,SUN,Sun,Solaris,security bypass,Solaris Trusted Extensions,
CVE-2007-2990,SUN,Sun,Solaris,DoS,denial of service,maintenance mode,
CVE-2007-3069,SUN,Sun,Solaris,arbitrary command execution,GNOME Assistive Technology support,xscreensaver,
CVE-2006-4139,SUN,Sun,Solaris,race condition,DoS,denial of service,
CVE-2007-4732,SUN,Sun,Solaris,Special File System,DoS,denial of service,
CVE-2002-0058,SUN,Microsoft Internet Explorer,Sun,java applet,java virtual machine,proxy resources,
CVE-2007-3716,SUN,Sun,Java,JRE/JDK,arbitrary Java method execution,XSLT stylesheets,
CVE-2003-0027,SUN,kcms_server,arbitrary remote file retrieval,no authentication,RPC,solaris,
